"player_id","hall_rating"
"willite01",278.9
"yastrca01",182.369
"clemero02",170.728
"boggswa01",152.882
"youngcy01",139.921
"evansdw01",120.622
"martipe02",118.922
"speaktr01",116.709
"doerrbo01",95.408
"grovele01",90.994
"ruthba01",86.298
"garcino01",85.093
"riceji01",82.432
"fiskca01",78.675
"petrori01",70.352
"foxxji01",69.595
"woodjo02",67.838
"tiantlu01",67.526
"ortizda01",65.036
"lynnfr01",64.677
"smithre06",64.424
"pedrodu01",63.753
"valenjo02",61.83
"ramirma02",60.264
"peskyjo01",59.632
"youklke01",59.445
"hoopeha01",59.092
"parneme01",54.931
"colliji01",53.385
"dimagdo01",52.907
"leonadu01",52.295
"cronijo01",52.222
"wakefti01",50.869
"ferrewe01",49.658
"gardnla01",48.912
"parenfr01",47.684
"lestejo01",47.439
"kindeel01",46.006
"hughste01",45.769
"collira01",44.774
"beckejo02",44.259
"greenmi01",44.194
"vaughmo01",43.835
"eckerde01",41.519
"stanlbo01",39.533
"runnepe01",37.822
"stephve01",37.144
"lowede01",37.124
"jenseja01",36.997
"sullifr01",36.796
"schilcu01",36.401
"nixontr01",36.215
"hurstbr01",35.467
"radatdi01",34.196
"dobsojo01",34.069
"ehmkeho01",34.04
"goodmbi01",33.419
"maysca01",33.291
"varitja01",32.901
"burksel01",31.863
"dinnebi01",31.699
"monbobi01",31.45
"papeljo01",31.298
"piersji01",31.153
"osterfr01",31.036
"leebi03",29.834
"damonjo01",28.001
"freembu01",27.87
"mcdermi03",27.714
"tanneje01",27.451
"stahlch01",27.25
"lewisdu01",26.858
"ellsbja01",26.544
"wagnehe01",25.001
"burleri01",24.401
"quinnja01",24.059
"reedjo01",23.074
"malzofr01",22.92
"naehrti01",22.427
"gedmari01",22.209
"boydoi01",22.174
"bressed01",21.732
"boddimi01",21.669
"violafr01",21.537
"breweto01",21.141
"buchhcl01",21.096
"fosteru01",20.231
"ferrida01",20.213
"wilsoea01",19.599
"wilsoja01",19.562
"burgmto01",19.477
"siebeso01",19.338
"ojedabo01",18.682
"conigto01",18.657
"scottge02",18.562
"macfada01",18.424
"gonzaad01",18.354
"bushjo01",18.102
"matsuda01",18.078
"drewj.01",17.957
"tudorjo01",17.819
"harrijo03",17.727
"pennohe01",17.72
"gastomi01",17.667
"johnsbo01",17.631
"carribi02",17.628
"schanwa01",17.47
"flagsir01",17.386
"jonessa01",17.22
"muellbi02",16.864
"andremi01",16.574
"lowelmi01",16.479
"beltrad01",16.453
"lakeed01",16.32
"ruffire01",16.278
"ferreri01",16.214
"culpra01",16.14
"shoreer01",15.872
"webbea01",15.502
"darwida01",15.447
"milleri01",15.313
"seleaa01",15.265
"werbebi01",14.809
"o'bribu01",14.577
"nixonwi01",14.553
"stahlja01",14.465
"harrigr01",14.287
"marcujo01",14.134
"scottev01",13.985
"timlimi01",13.81
"bayja01",13.614
"wintege01",13.525
"okajihi01",13.37
"walberu01",13.169
"gordoto01",13.038
"carbobe01",12.822
"lylesp01",12.734
"dragodi01",12.473
"russeja01",12.42
"bediehu01",12.355
"foyjo01",12.148
"ferriho01",12.136
"johnsro02",12.132
"saberbr01",12.12
"jenkife01",12.012
"barrema02",11.265
"kielyle01",11.215
"lonboji01",11.083
"hoblidi01",11.026
"morried02",10.82
"moretro01",10.75
"fletcsc01",10.75
"lansfca01",10.511
"hallch02",10.424
"fornimi01",10.399
"mantife01",10.344
"harrimi01",10.29
"gessldo01",10.208
"delocik01",10.176
"chapmbe01",10.14
"doughpa01",10.013
"taborji01",9.929
"geigega01",9.902
"evereca01",9.763
"garceri01",9.644
"harpeto01",9.629
"cicoted01",9.546
"cansejo01",9.496
"welchjo01",9.453
"braggda01",9.424
"prattde01",9.302
"gainede01",9.215
"coopesc01",9.149
"kellge01",9.148
"klausbi01",9.09
"harreke01",9.089
"alexada01",9.02
"campbbi02",8.882
"santijo02",8.859
"rybami01",8.704
"lordha01",8.682
"papela01",8.671
"myerbu01",8.67
"stanlmi02",8.646
"nippeal01",8.583
"burnsge02",8.485
"heskejo01",8.404
"booneik01",8.355
"torremi01",8.327
"foulkke01",8.277
"o'leatr01",8.18
"apontlu01",8.173
"arroybr01",8.039
"martivi01",8.014
"russeal01",7.963
"rhodego01",7.92
"hugheto01",7.844
"fergual01",7.817
"bardda01",7.77
"clevere01",7.719
"hillesh02",7.645
"arellfr01",7.587
"rigneto01",7.569
"scutama01",7.405
"hevinjo02",7.384
"delcama01",7.369
"wingfte01",7.342
"wiseri01",7.336
"coopece01",7.228
"gernedi01",7.198
"selbaki01",6.927
"daubabr01",6.916
"remyje01",6.877
"morgacy01",6.761
"boltoto01",6.716
"cookedu01",6.616
"buddido01",6.586
"lisenho01",6.529
"moorewi01",6.529
"schirca01",6.471
"esaskni01",6.436
"juddos01",6.419
"englecl01",6.336
"bellhma01",6.3
"easlemi01",6.251
"newsobo01",6.228
"wagnech01",6.22
"stangle01",6.179
"lepcite01",6.123
"crigelo01",6.116
"brownma01",6.094
"thomapi01",6.062
"clintlo01",6.026
"wagneha01",6.005
"crispco01",5.977
"wellsda01",5.952
"wyattjo02",5.935
"durhaed01",5.901
"weilabo01",5.854
"conlege01",5.83
"pattima01",5.789
"myersel01",5.776
"dopsojo01",5.695
"nichoch02",5.693
"colliri01",5.628
"masteju01",5.625
"reardje01",5.602
"offerjo01",5.601
"romovi01",5.594
"lopezja02",5.588
"hudsosi01",5.571
"newsosk01",5.534
"cadyhi01",5.469
"schwado01",5.458
"mcinnst01",5.443
"pagliji01",5.384
"slocuhe01",5.358
"millake01",5.306
"muffebi01",5.256
"mcconam01",5.253
"lampde01",5.159
"aparilu01",5.079
"bolinbo01",5.051
"mirabdo01",5.023
"mcmanma01",5
"karrbe01",4.893
"aasedo01",4.868
"hattogr01",4.803
"nomohi01",4.762
"tinslle01",4.744
"watsobo01",4.726
"smithle02",4.725
"beckro01",4.716
"arrojro01",4.681
"lowrije01",4.674
"atchisc01",4.623
"clemema01",4.592
"vernomi01",4.583
"greenpu01",4.559
"bagbyji02",4.555
"renkost01",4.539
"plantph01",4.515
"zarilal01",4.491
"nagymi01",4.401
"wrighji02",4.399
"hansoer01",4.386
"suscege02",4.381
"grayje01",4.351
"aceveal01",4.335
"conigbi01",4.331
"butlabi01",4.328
"ryanke01",4.327
"ohkato01",4.297
"clearma01",4.271
"jeffere01",4.214
"galehde01",4.196
"fosteed02",4.165
"urbinug01",4.162
"bollimi01",4.156
"quantpa01",4.146
"kargeed01",4.135
"stephge01",4.135
"corsiji01",4.047
"partero01",4.008
"quintca01",3.927
"hillmda01",3.904
"culbele01",3.893
"menosmi01",3.852
"staplda01",3.838
"brownll01",3.813
"saitota01",3.796
"rainech01",3.778
"stantmi02",3.752
"hockege01",3.749
"ramirra02",3.727
"barryja01",3.704
"tazawju01",3.701
"curtijo01",3.693
"vollmcl01",3.684
"murphjo04",3.653
"steelel01",3.631
"doylede01",3.614
"montgbo01",3.614
"klingbo01",3.601
"hurdto01",3.595
"yorkru01",3.572
"berrych02",3.563
"seaveto01",3.517
"bennede01",3.476
"mckaiar01",3.476
"smithch02",3.463
"maddumi01",3.458
"stobbch01",3.456
"hillri01",3.448
"hoseydw01",3.434
"gardnwe01",3.394
"klinebo01",3.371
"tebbebi01",3.26
"benjami01",3.239
"gabbaka01",3.228
"hattesc01",3.226
"cabreor01",3.21
"yerkest02",3.196
"kieckda01",3.195
"picinva01",3.184
"osinsda01",3.173
"fossato01",3.144
"thomale03",3.142
"castifr01",3.113
"walketi01",3.076
"johnsea01",3.047
"morehda01",3.02
"clarkda04",3.007
"mcmahdo02",2.998
"belinst01",2.997
"johnsha01",2.993
"thomage01",2.985
"adairje01",2.969
"reddijo01",2.963
"willike01",2.936
"henrybu01",2.9
"newhado01",2.892
"higgipi01",2.876
"lewisda01",2.876
"brickra01",2.873
"alicelu01",2.871
"rothrja01",2.846
"floydcl01",2.846
"grimsmy01",2.834
"embreal01",2.828
"merlolo01",2.821
"henriol01",2.796
"jollesm01",2.795
"rapppa01",2.794
"johnsjo04",2.788
"brunato01",2.746
"tayloha03",2.729
"bishoma01",2.725
"barrefr01",2.715
"ritchja01",2.713
"harribi01",2.688
"reganbi01",2.678
"fryeje01",2.669
"brandbu01",2.648
"foxpe01",2.645
"myersmi01",2.628
"anderla02",2.625
"congabu01",2.619
"andreiv01",2.617
"finnelo01",2.612
"bentoal01",2.589
"avilemi01",2.585
"lewiste01",2.578
"coneda01",2.565
"moyerja01",2.564
"buforda01",2.554
"kimby01",2.533
"burkeje01",2.499
"coraal01",2.487
"willisc01",2.483
"russeje01",2.474
"clarkja01",2.469
"vosmijo01",2.464
"armasto01",2.458
"pipgrge01",2.457
"hodapjo01",2.438
"battsma01",2.433
"willoji01",2.396
"peterga01",2.38
"sullide02",2.38
"hallbi03",2.373
"farredu01",2.363
"beniqju01",2.355
"allenga01",2.328
"harpeha01",2.294
"hendrti01",2.289
"schreos01",2.275
"taittdo01",2.232
"merensp01",2.23
"rhyneha01",2.221
"murphro01",2.219
"chittne01",2.203
"bellga01",2.182
"raderda01",2.146
"graffto01",2.095
"saltaja01",2.083
"sheanda01",2.061
"baumafr01",2.035
"henrybi01",2.031
"wasdijo01",2.019
"prothdo01",2.004
"fasseje01",1.988
"dropowa01",1.986
"vittos01",1.983
"cordewi01",1.971
"penaju01",1.96
"ciriape01",1.959
"greenle01",1.947
"boudrlo01",1.944
"cravaga01",1.941
"aguilri01",1.906
"wertzvi01",1.902
"navada01",1.891
"burkejo03",1.884
"strunam01",1.884
"stuardi01",1.884
"unglabo01",1.884
"wilsoji02",1.862
"paxtomi01",1.841
"gosgeji01",1.825
"schilch01",1.818
"crawfpa02",1.804
"kisonbr01",1.787
"baylodo01",1.785
"harrisl01",1.785
"henryji01",1.784
"casalje01",1.769
"brettke01",1.768
"shoppke01",1.766
"crawfst01",1.758
"pemberu01",1.751
"reesepo01",1.743
"dobenra01",1.742
"pichahi01",1.742
"griffdo01",1.73
"reynoca01",1.686
"kaskoed01",1.68
"howarch02",1.674
"howele01",1.637
"schoupe01",1.636
"bankhsc01",1.607
"mosesje01",1.593
"caterda01",1.587
"rossco01",1.587
"todtph01",1.587
"simmopa01",1.564
"haneyfr01",1.556
"umphlto01",1.555
"wallmu01",1.544
"smithel02",1.526
"brownha01",1.524
"benzito01",1.496
"vealebo01",1.489
"peacojo01",1.488
"veachbo01",1.488
"coumbfr01",1.483
"mullijo02",1.471
"middlwi01",1.443
"krohru01",1.437
"kooncca01",1.427
"mortecl01",1.419
"juraked01",1.395
"mahayro01",1.392
"breslcr01",1.384
"lenhado01",1.382
"zauchno01",1.377
"mastewa02",1.369
"kaplega01",1.359
"melenjo01",1.358
"ruelmu01",1.356
"tavarju01",1.347
"kutchra01",1.334
"mccarda01",1.329
"maddebu01",1.315
"swormle01",1.313
"alberma01",1.299
"leskacu01",1.292
"cormirh01",1.289
"melesa01",1.281
"demetdo01",1.279
"werlebi01",1.275
"jonesri01",1.265
"thomsbo01",1.264
"lupieto01",1.23
"thomafr02",1.229
"sanchre01",1.224
"reyesca01",1.198
"riverlu01",1.195
"ceronri01",1.19
"milleot02",1.19
"hudsojo02",1.187
"hendeda01",1.181
"rossbu01",1.176
"hickmch01",1.163
"martira02",1.159
"bennefr01",1.158
"piercbi01",1.157
"romerj.01",1.155
"ellswdi01",1.15
"richwo01",1.13
"macksh01",1.113
"desauge01",1.112
"hoffmgl01",1.11
"selleje01",1.096
"barreji01",1.091
"cepedor01",1.091
"glazera01",1.091
"gonzaal02",1.091
"oliveto01",1.091
"renteed01",1.091
"sweenbi03",1.091
"wiltsha01",1.091
"clarkot01",1.069
"donnebr01",1.048
"nilesha01",1.046
"millewa04",1.044
"killija01",1.033
"leyriji01",1.029
"dowdto01",0.992
"fossuca01",0.992
"krameja01",0.992
"perezto01",0.992
"pickeur01",0.992
"tananfr01",0.992
"welzeto01",0.992
"kemmeru01",0.989
"quinnfr02",0.984
"coreybr01",0.982
"bankswi01",0.977
"richaje01",0.966
"brandma01",0.965
"donahpa01",0.96
"merckke01",0.956
"chadbch01",0.948
"bradyki01",0.947
"byrdpa01",0.925
"heffnbo01",0.909
"hashhe01",0.904
"germaju01",0.903
"hyzduad01",0.899
"daleype01",0.898
"haselbi01",0.894
"walshji02",0.894
"barrebi02",0.893
"macfami01",0.893
"mcdonda02",0.893
"stynech01",0.893
"metkoca01",0.88
"nunamle01",0.877
"mendora01",0.873
"agganha01",0.87
"agbaybe01",0.866
"hansade01",0.863
"flemibi01",0.849
"richadu02",0.84
"mcdonji04",0.835
"byerlbu01",0.829
"pennibr01",0.824
"lyonsst01",0.804
"stalltr01",0.798
"jacobba01",0.793
"moralfr01",0.793
"moselea01",0.793
"troutdi01",0.793
"walketo04",0.793
"fischha01",0.788
"millean01",0.783
"koscoan01",0.782
"paytoja01",0.779
"krugma01",0.765
"flowebe01",0.76
"bradfch01",0.75
"patteer01",0.747
"lopezfe01",0.733
"rennabi01",0.718
"rodrica01",0.696
"leibone01",0.694
"nixonot01",0.694
"purtebi01",0.694
"shannre01",0.694
"steinbe01",0.694
"thormha01",0.694
"coxte02",0.681
"smithal04",0.681
"wagnebi02",0.679
"gonzajo01",0.667
"dulibbo01",0.665
"leesa01",0.662
"hatfifr01",0.651
"plympje01",0.65
"gagliph01",0.645
"seibeph01",0.64
"fullecu01",0.628
"kinnewa01",0.606
"mcguide01",0.6
"bicheda01",0.595
"olerujo01",0.595
"owensp01",0.595
"vachete01",0.595
"woodwbo01",0.594
"garmami01",0.587
"nichore01",0.584
"marshmi02",0.58
"spognan01",0.566
"mcnalmi01",0.561
"zuberbi01",0.557
"griffma01",0.552
"machaal01",0.55
"browndu01",0.546
"fribebe01",0.532
"schmida02",0.532
"baldero01",0.529
"hobsobu01",0.513
"harrijo02",0.506
"bradlhe01",0.501
"thronfa01",0.499
"carlyro01",0.496
"cummimi01",0.496
"hoytwa01",0.496
"kronejo01",0.496
"laporfr01",0.496
"sadledo01",0.496
"shawal01",0.496
"sweenry01",0.496
"thoneja01",0.496
"warnejo01",0.496
"gonzaeu01",0.483
"judgejo01",0.48
"valdeca01",0.472
"grahach01",0.464
"riskeda01",0.462
"kreugri01",0.462
"pickeca01",0.448
"rodrito01",0.448
"wolfela01",0.434
"lehnepa01",0.433
"crawfca02",0.43
"lahoujo01",0.423
"mcmahdo01",0.417
"paschbe01",0.416
"nagleju01",0.407
"mcgeewi01",0.397
"o'brisy01",0.397
"o'neist01",0.397
"oliveda02",0.397
"pricejo02",0.397
"tobinja01",0.397
"thomato02",0.394
"olmstha01",0.392
"mccarti01",0.384
"foremha01",0.382
"hancojo01",0.374
"tatumke01",0.371
"merchan01",0.367
"bardjo01",0.366
"wilhojo01",0.366
"pottene01",0.351
"ashlebi01",0.349
"hoderme01",0.349
"myersha01",0.349
"marzajo01",0.322
"malasma01",0.319
"cooneji02",0.316
"gathrjo01",0.316
"checoro01",0.305
"bowdemi01",0.303
"trimbjo01",0.299
"barrebo01",0.298
"connobu01",0.298
"cramedo01",0.298
"duganjo01",0.298
"frencch01",0.298
"garbabo01",0.298
"hartlgr01",0.298
"haydeja01",0.298
"henderi01",0.298
"liponjo01",0.298
"loretma01",0.298
"lyonbr01",0.298
"millsbu01",0.298
"mortoke01",0.298
"pizarju01",0.298
"podsesc01",0.298
"pruiete01",0.298
"puntoni01",0.298
"roberda07",0.298
"sandeke01",0.298
"smithbo05",0.298
"waltebu01",0.298
"bowsfte01",0.284
"milletr02",0.284
"mcneeje01",0.282
"barkbr01",0.278
"hornsa01",0.272
"herremi01",0.267
"pridecu01",0.267
"mayerwa01",0.265
"huntebu01",0.251
"bowerst01",0.25
"ormege01",0.25
"wedgeer01",0.25
"suttodr01",0.249
"willidi02",0.249
"smithbo03",0.248
"robinja03",0.247
"jensema01",0.233
"webstra01",0.233
"whitter01",0.233
"mcfared01",0.232
"thomabl01",0.229
"valdeju01",0.222
"comstra01",0.22
"andreki01",0.216
"morrifr01",0.215
"blackda01",0.214
"shielja01",0.207
"burkhmo01",0.201
"correvi01",0.2
"diazju01",0.2
"lafraro01",0.2
"anderbr01",0.198
"bedarer01",0.198
"bischjo01",0.198
"burchfr01",0.198
"cuppyni01",0.198
"donnech01",0.198
"dwyerji01",0.198
"ezzelho01",0.198
"finchjo01",0.198
"guerrma01",0.198
"iglesjo01",0.198
"janvrha01",0.198
"johnsra01",0.198
"kieltbo01",0.198
"knighjo02",0.198
"laryly01",0.198
"lewisja01",0.198
"millebi02",0.198
"narlebi01",0.198
"o'roufr01",0.198
"penato01",0.198
"robinaa01",0.198
"stewasa01",0.198
"truesfr01",0.198
"wheelda01",0.198
"whitege01",0.198
"whitesa02",0.198
"woodsjo01",0.195
"hisneha01",0.191
"mcbrito01",0.187
"alcanis01",0.184
"prentge01",0.184
"giannjo01",0.183
"smithdo01",0.181
"penaje01",0.176
"keougma01",0.173
"baileco01",0.17
"atkinja01",0.162
"sucheji01",0.162
"mcneino01",0.149
"roggega01",0.144
"chrislo01",0.133
"tombean01",0.129
"manuero01",0.129
"slaytst01",0.128
"burnsmi01",0.121
"dealco01",0.121
"walkech01",0.12
"romerma01",0.116
"schofdi01",0.101
"berbelo01",0.099
"bucheji01",0.099
"chenbr01",0.099
"colonba01",0.099
"deerro01",0.099
"donahjo01",0.099
"erdosto01",0.099
"fothebo01",0.099
"foxch02",0.099
"frienow01",0.099
"greenni01",0.099
"gubancr01",0.099
"haneych01",0.099
"hemphch01",0.099
"howarpa01",0.099
"josepdu01",0.099
"karlan01",0.099
"kennebi02",0.099
"kotchca01",0.099
"laforty01",0.099
"lefebbi01",0.099
"mcgloly01",0.099
"mossbr01",0.099
"penaca01",0.099
"pennybr01",0.099
"pineijo01",0.099
"portuma01",0.099
"seaneru01",0.099
"shanewa01",0.099
"steinre01",0.099
"sturdto01",0.099
"swindgr01",0.099
"tasbywi01",0.099
"tatebe01",0.099
"woodast01",0.099
"zahnipa01",0.099
"sprinja01",0.095
"dinarle01",0.087
"minarru01",0.086
"smithpe01",0.074
"lomasst01",0.067
"mitchch01",0.06
"johnsde01",0.057
"barreto01",0.05
"collilo01",0.05
"slattja01",0.05
"gonzaen01",0.044
"schroal01",0.037
"avilera01",0.034
"farredo01",0.034
"lynchwa01",0.034
"sanchfr01",0.034
"tonneto01",0.034
"bulliki01",0.033
"byrdji01",0.017
"goggich01",0.017
"hevinjo01",0.017
"johnske03",0.017
"wenzfr01",0.011
"schmijo01",0.01
"murphda07",0.001
"adamsbo01",0
"anderji02",0
"auldsle01",0
"baderlo01",0
"bakerfl01",0
"bakertr01",0
"batesaa01",0
"beatope01",0
"bergebo01",0
"berryda01",0
"bevanha01",0
"bevilbe01",0
"bluhmre01",0
"bradycl01",0
"brillji01",0
"brownke04",0
"brumlmi02",0
"castica02",0
"chanees01",0
"chesbja01",0
"clowebi01",0
"coellro01",0
"coffeja01",0
"conrobi02",0
"cremibo01",0
"croucza01",0
"crousri01",0
"danziba01",0
"daughbo01",0
"devinha01",0
"diazbo01",0
"dubucje01",0
"eibelha01",0
"evansbi02",0
"fonvich01",0
"galviji01",0
"gardimi01",0
"garrifo01",0
"gomeswa01",0
"grahale01",0
"greggve01",0
"grimera01",0
"haleyra01",0
"hartmch01",0
"hearned01",0
"hinsopa01",0
"hollida01",0
"jarvike01",0
"jonesbo04",0
"jonesto02",0
"kelleal01",0
"kellyed01",0
"keltnke01",0
"kiefejo01",0
"landiji01",0
"langfsa01",0
"larocad01",0
"lemkema01",0
"lickejo01",0
"maclebi01",0
"malleje01",0
"mantoje01",0
"marchph01",0
"marshbi01",0
"mccabdi01",0
"mccanem01",0
"mcdilal01",0
"mchalji01",0
"moncefr01",0
"mortogu02",0
"mullegr01",0
"mulrofr01",0
"neitzer01",0
"nelsobr01",0
"nippeme01",0
"okriele01",0
"ostrojo01",0
"pankoji01",0
"patteha03",0
"perisma01",0
"pertibi01",0
"pondra01",0
"portedi01",0
"poulske01",0
"pytlafr01",0
"remmewi01",0
"repkoja01",0
"rodgebi01",0
"rodrist01",0
"rollire01",0
"rossda01",0
"rothbr01",0
"rowlari01",0
"scarbra01",0
"scherbo01",0
"schleru01",0
"sherine01",0
"smithal01",0
"snellwa01",0
"sparktu01",0
"stansja01",0
"willida06",0
"wilsosq01",0
"wittijo01",0
"wolteha01",0
"wootesh01",0
"youngti01",0
"zeisema01",0
"saxda01",-0.014
"strinlo01",-0.015
"minchna01",-0.023
"martiba01",-0.049
"rogelbi01",-0.055
"heflira01",-0.063
"storiho01",-0.066
"bowensa02",-0.082
"dorisha01",-0.091
"hasslan01",-0.096
"adamste01",-0.099
"almonhe01",-0.099
"anderbr03",-0.099
"andresh01",-0.099
"avilabo01",-0.099
"azcuejo01",-0.099
"baergca01",-0.099
"bellju01",-0.099
"boernla01",-0.099
"bonsebo01",-0.099
"brownad01",-0.099
"brownja04",-0.099
"byrdma01",-0.099
"carliwa01",-0.099
"carlssw01",-0.099
"caseyse01",-0.099
"cassisc01",-0.099
"chartpe01",-0.099
"clarkph02",-0.099
"claytro01",-0.099
"cochrge01",-0.099
"combsme01",-0.099
"connojo05",-0.099
"delgaal01",-0.099
"denmabr01",-0.099
"doyleda01",-0.099
"eggerel01",-0.099
"farrst01",-0.099
"finnvga01",-0.099
"fowlebo01",-0.099
"foxma01",-0.099
"galeri01",-0.099
"gallabo01",-0.099
"gillebo01",-0.099
"gilligr01",-0.099
"grundke01",-0.099
"guindbo01",-0.099
"gumpera01",-0.099
"gunnihy01",-0.099
"harikti01",-0.099
"harrebi01",-0.099
"harvich01",-0.099
"holtzmi01",-0.099
"hottoto01",-0.099
"housiwa01",-0.099
"hoype01",-0.099
"huckake01",-0.099
"humphbi01",-0.099
"jamerle01",-0.099
"jamesch02",-0.099
"karowma01",-0.099
"legetlo01",-0.099
"lockdo01",-0.099
"lucasjo01",-0.099
"mahonji01",-0.099
"maloypa01",-0.099
"manzajo01",-0.099
"martisa01",-0.099
"mauchge01",-0.099
"mckeewa01",-0.099
"mcleala01",-0.099
"mcnaugo01",-0.099
"mcwilbi01",-0.099
"meyerru01",-0.099
"milleco01",-0.099
"milleha01",-0.099
"millsdi01",-0.099
"mohrdu01",-0.099
"molynvi01",-0.099
"moskido01",-0.099
"murphwa01",-0.099
"muserto01",-0.099
"niemial01",-0.099
"nunnajo01",-0.099
"olivejo01",-0.099
"ostdiha01",-0.099
"padilvi01",-0.099
"palmmi01",-0.099
"partest02",-0.099
"petagro01",-0.099
"philled03",-0.099
"pirklgr01",-0.099
"pollyni01",-0.099
"poqueto01",-0.099
"prattla01",-0.099
"quirogu01",-0.099
"ramirha01",-0.099
"reyesde01",-0.099
"riplewa01",-0.099
"romerni01",-0.099
"royerst01",-0.099
"ryanja03",-0.099
"sadowed01",-0.099
"sheajo01",-0.099
"shofnst01",-0.099
"shousbr01",-0.099
"skinnca01",-0.099
"smallch01",-0.099
"smithda07",-0.099
"smithjo04",-0.099
"smithpa02",-0.099
"snopech01",-0.099
"snydeea01",-0.099
"snydeky01",-0.099
"soltemo01",-0.099
"spencst01",-0.099
"standje01",-0.099
"statzji01",-0.099
"stenhmi01",-0.099
"stonege01",-0.099
"sumneca01",-0.099
"swansbi01",-0.099
"thomaju01",-0.099
"thursjo01",-0.099
"weavemo01",-0.099
"widmaal01",-0.099
"williri01",-0.099
"willist02",-0.099
"wilsole01",-0.099
"wolcobo01",-0.099
"woodwch01",-0.099
"tillmbo01",-0.102
"hagemca01",-0.143
"rochfmi01",-0.145
"barrst01",-0.19
"burtoji01",-0.192
"dodsopa01",-0.194
"baileje01",-0.198
"barbawa01",-0.198
"berryse01",-0.198
"borlato02",-0.198
"bratsfr01",-0.198
"busbyji01",-0.198
"bushefr01",-0.198
"camildo01",-0.198
"carpech02",-0.198
"cartech01",-0.198
"clevete01",-0.198
"colemmi01",-0.198
"connoed02",-0.198
"cruzjo02",-0.198
"cuylemi01",-0.198
"deutsme01",-0.198
"devinmi01",-0.198
"dipiebo01",-0.198
"dodgesa01",-0.198
"doherjo02",-0.198
"doubrfe01",-0.198
"evansal01",-0.198
"eversho01",-0.198
"fanzoca01",-0.198
"flairal01",-0.198
"freemjo01",-0.198
"fullefr01",-0.198
"gilkebe01",-0.198
"gomezma01",-0.198
"haleod01",-0.198
"harrire01",-0.198
"hartlmi01",-0.198
"hayesfr01",-0.198
"helmsto01",-0.198
"hofmafr01",-0.198
"holcoke01",-0.198
"hughete01",-0.198
"huntehe01",-0.198
"huskebu01",-0.198
"jacksda04",-0.198
"jacobbe01",-0.198
"johnsjo06",-0.198
"kalisry01",-0.198
"kellere01",-0.198
"kleinre01",-0.198
"lachaca01",-0.198
"lanceri01",-0.198
"larosjo01",-0.198
"lehenre01",-0.198
"linch01",-0.198
"lonerwa01",-0.198
"lucielo01",-0.198
"mahompa01",-0.198
"maricju01",-0.198
"matchto01",-0.198
"matthwi01",-0.198
"mcauldi01",-0.198
"mccarto03",-0.198
"mcgahed01",-0.198
"merceor01",-0.198
"mersoja01",-0.198
"michajo02",-0.198
"mitchfr01",-0.198
"mitchke02",-0.198
"molingu01",-0.198
"muellgo01",-0.198
"mullefr01",-0.198
"nabhoch01",-0.198
"o'bermi01",-0.198
"olsonma01",-0.198
"ontivst02",-0.198
"owenmi01",-0.198
"owensfr01",-0.198
"perrijo01",-0.198
"persoro01",-0.198
"plewshe01",-0.198
"pulsibi01",-0.198
"reedje01",-0.198
"reevebo01",-0.198
"repulri01",-0.198
"richtal01",-0.198
"robinfl01",-0.198
"rupery01",-0.198
"sanchan02",-0.198
"santama01",-0.198
"scarrru01",-0.198
"shealry01",-0.198
"shumpte01",-0.198
"sizemte01",-0.198
"spenctu01",-0.198
"spraged02",-0.198
"stoneje01",-0.198
"tatumji01",-0.198
"tolarke01",-0.198
"valenda01",-0.198
"vandybe01",-0.198
"vanevjo01",-0.198
"wadeja01",-0.198
"wagnega01",-0.198
"welchfr01",-0.198
"welchhe01",-0.198
"whitema01",-0.198
"wilbede01",-0.198
"willidi01",-0.198
"willira01",-0.198
"wilsoar03",-0.198
"wilsodu01",-0.198
"wilsoga01",-0.198
"winnge01",-0.198
"bradlhu01",-0.214
"chapled01",-0.246
"brohaja01",-0.275
"careyto02",-0.279
"woodspi01",-0.292
"abadan01",-0.298
"alvarab01",-0.298
"applepe01",-0.298
"astacpe01",-0.298
"bakeral01",-0.298
"bakerja01",-0.298
"bigelel01",-0.298
"blethcl01",-0.298
"busheja01",-0.298
"chrisjo01",-0.298
"cicerjo01",-0.298
"coleal01",-0.298
"colemda01",-0.298
"coughma01",-0.298
"creedpa01",-0.298
"curryst01",-0.298
"dejesiv02",-0.298
"derrimi01",-0.298
"didiebo01",-0.298
"dominan01",-0.298
"donohpe01",-0.298
"dreiscl01",-0.298
"fineto01",-0.298
"floribr01",-0.298
"foremfr01",-0.298
"gaettga01",-0.298
"gagneer01",-0.298
"gardnbi02",-0.298
"giambje01",-0.298
"gilbean01",-0.298
"ginsbjo01",-0.298
"goochjo01",-0.298
"grahask02",-0.298
"grosski01",-0.298
"grosstu01",-0.298
"guerrmi01",-0.298
"gundeer01",-0.298
"guthrma01",-0.298
"halamjo01",-0.298
"harshja01",-0.298
"hernara01",-0.298
"hilleho02",-0.298
"hinripa01",-0.298
"hoeftbi01",-0.298
"houseto01",-0.298
"huntbe01",-0.298
"hustibe01",-0.298
"kendafr01",-0.298
"klinero01",-0.298
"knackbr01",-0.298
"kottage01",-0.298
"lamarbi01",-0.298
"lillibr01",-0.298
"loneyja01",-0.298
"macwhke01",-0.298
"mantema01",-0.298
"marquol01",-0.298
"martian01",-0.298
"mcgovar01",-0.298
"moorebi02",-0.298
"morgaed01",-0.298
"moseswa01",-0.298
"nealbl01",-0.298
"noursch01",-0.298
"owenma01",-0.298
"parrila01",-0.298
"patteca01",-0.298
"poindje01",-0.298
"poledi01",-0.298
"quinore01",-0.298
"rederjo01",-0.298
"rhodeka01",-0.298
"riggejo01",-0.298
"risinpo01",-0.298
"rosarbu01",-0.298
"sauersc01",-0.298
"schlibi01",-0.298
"sheetan01",-0.298
"shephke01",-0.298
"shielbe01",-0.298
"shortbi01",-0.298
"smithch08",-0.298
"spearna01",-0.298
"sprowbo01",-0.298
"stairma01",-0.298
"sternad01",-0.298
"tavarje01",-0.298
"taylosc01",-0.298
"thielja01",-0.298
"tobinjo02",-0.298
"trabebi01",-0.298
"valdese01",-0.298
"vanegti01",-0.298
"verasda01",-0.298
"webstle01",-0.298
"westda01",-0.298
"youngma01",-0.298
"zinkch01",-0.298
"lazorjo01",-0.31
"wrighto01",-0.312
"hausmcl01",-0.325
"lacyke01",-0.33
"coopegu01",-0.333
"aardsda01",-0.397
"alvarlu01",-0.397
"anderla03",-0.397
"aukerel01",-0.397
"bailebo01",-0.397
"barbefr01",-0.397
"blackti01",-0.397
"blossgr01",-0.397
"brododi01",-0.397
"caldeiv01",-0.397
"caldwra02",-0.397
"carrahe01",-0.397
"cascajo01",-0.397
"choji01",-0.397
"clemola01",-0.397
"crespce01",-0.397
"deinipe01",-0.397
"doranto01",-0.397
"flahejo01",-0.397
"gilhofr01",-0.397
"gonzaje01",-0.397
"grillgu01",-0.397
"grissma01",-0.397
"gutieri01",-0.397
"heisebo01",-0.397
"hinsker01",-0.397
"holmbi01",-0.397
"jacksco01",-0.397
"jacksro01",-0.397
"jenksbo01",-0.397
"joneshu01",-0.397
"kalliru01",-0.397
"lackejo01",-0.397
"lerchdu01",-0.397
"leroylo01",-0.397
"lillide01",-0.397
"loeppge01",-0.397
"loftoja01",-0.397
"loonebr01",-0.397
"maynach01",-0.397
"meredcl01",-0.397
"mientdo01",-0.397
"mitchke01",-0.397
"mundybi01",-0.397
"o'neibi01",-0.397
"ortizlu01",-0.397
"papist01",-0.397
"phillda01",-0.397
"piercje01",-0.397
"portebo01",-0.397
"robidbi01",-0.397
"rogerle01",-0.397
"rosebr01",-0.397
"rudijo01",-0.397
"santoan01",-0.397
"saylebi01",-0.397
"schoesc01",-0.397
"selbybi01",-0.397
"sheame01",-0.397
"smithed04",-0.397
"snowj.01",-0.397
"sothoal01",-0.397
"suppaje01",-0.397
"velazgi01",-0.397
"vicksa01",-0.397
"volzja01",-0.397
"willida02",-0.397
"wilsojo02",-0.397
"woodjo04",-0.397
"wyckowe01",-0.397
"freemhe01",-0.401
"gleasha01",-0.412
"pavledo01",-0.412
"kennejo03",-0.419
"andreer01",-0.496
"ballne01",-0.496
"barklbr01",-0.496
"beltres01",-0.496
"boonera01",-0.496
"cabrefe01",-0.496
"carroed01",-0.496
"dalledo01",-0.496
"devoral01",-0.496
"dillast01",-0.496
"garricl01",-0.496
"grayda01",-0.496
"hammoch01",-0.496
"harriwi02",-0.496
"heimafr01",-0.496
"hinklgo01",-0.496
"johnsja02",-0.496
"jonesch03",-0.496
"kimsu01",-0.496
"lollati01",-0.496
"magripe01",-0.496
"mahonch01",-0.496
"mcnaier01",-0.496
"mejiaro01",-0.496
"meolami01",-0.496
"midkidi01",-0.496
"murrama01",-0.496
"nelsojo01",-0.496
"niarhgu01",-0.496
"olivege01",-0.496
"olsonte01",-0.496
"penawi01",-0.496
"pozoar01",-0.496
"rileser01",-0.496
"rosensi01",-0.496
"ryege01",-0.496
"stimsca01",-0.496
"tarvela01",-0.496
"trlicri01",-0.496
"vandehy01",-0.496
"wannipe01",-0.496
"waslega01",-0.496
"whitema03",-0.496
"woodke01",-0.496
"workmho01",-0.496
"worthal01",-0.496
"lamabja01",-0.497
"baynebi01",-0.529
"adkindo01",-0.595
"altroni01",-0.595
"asbjoca01",-0.595
"asproke01",-0.595
"bailean01",-0.595
"brognri01",-0.595
"darwibo01",-0.595
"dorseji01",-0.595
"dumonge01",-0.595
"gelbech01",-0.595
"hermadu01",-0.595
"hermije01",-0.595
"jenkito01",-0.595
"malavjo01",-0.595
"mccalwi01",-0.595
"melanma01",-0.595
"mustaal01",-0.595
"newmaje01",-0.595
"nonnere01",-0.595
"peterbo01",-0.595
"remlimi01",-0.595
"sommeru01",-0.595
"staniro01",-0.595
"trautjo01",-0.595
"turlebo01",-0.595
"valleda01",-0.595
"waltefr01",-0.595
"woodwi01",-0.595
"zupcibo01",-0.595
"barryed01",-0.624
"consobi01",-0.686
"chechch01",-0.694
"dentesa01",-0.694
"durstce01",-0.694
"ellswst01",-0.694
"fioremi01",-0.694
"francra01",-0.694
"geygach01",-0.694
"glennjo02",-0.694
"heepda01",-0.694
"herrito01",-0.694
"irvinda01",-0.694
"joosted01",-0.694
"lockwsk01",-0.694
"lopezja01",-0.694
"moforhe01",-0.694
"murrage01",-0.694
"petryda01",-0.694
"smithge03",-0.694
"stewaza01",-0.694
"vanbuje01",-0.694
"vancaal01",-0.694
"weilaky01",-0.694
"winseto01",-0.694
"lavarry01",-0.753
"fewstch01",-0.774
"agnewsa01",-0.793
"alexama02",-0.793
"armbrch01",-0.793
"barnaba01",-0.793
"burdabo01",-0.793
"carlycl01",-0.793
"dickege02",-0.793
"dickmem01",-0.793
"duffyfr01",-0.793
"grebecr01",-0.793
"hartech01",-0.793
"howrybo01",-0.793
"jonesja03",-0.793
"littldi01",-0.793
"littogr01",-0.793
"mussepa01",-0.793
"oglivbe01",-0.793
"pauleda01",-0.793
"penaal01",-0.793
"rodrifr02",-0.793
"rohrbi01",-0.793
"ryanja02",-0.793
"schanch01",-0.793
"schmege01",-0.793
"smithfr03",-0.793
"smithza01",-0.793
"smoltjo01",-0.793
"trujimi01",-0.793
"wightbi01",-0.793
"wintecl01",-0.793
"averyst01",-0.893
"caldwea01",-0.893
"campbpa01",-0.893
"dahlgba01",-0.893
"fitzgho01",-0.893
"fortuga01",-0.893
"gastoal01",-0.893
"gerbewa01",-0.893
"guttedo01",-0.893
"howarel01",-0.893
"jamesbi01",-0.893
"kelluwi01",-0.893
"kotsama01",-0.893
"leistjo01",-0.893
"lugoju01",-0.893
"murphto02",-0.893
"neubaha01",-0.893
"o'brija02",-0.893
"sadowbo02",-0.893
"shankho01",-0.893
"sheafda01",-0.893
"sheldro01",-0.893
"simmoal01",-0.893
"sisleda01",-0.893
"skokcr01",-0.893
"veraswi01",-0.893
"winnihe01",-0.893
"landibi01",-0.955
"chambwe01",-0.992
"chaseke01",-0.992
"gaffkfa01",-0.992
"johnsvi01",-0.992
"manushe01",-0.992
"mcgrabo01",-0.992
"mclauju01",-0.992
"melvibo01",-0.992
"milesde01",-0.992
"navarya01",-0.992
"papaial01",-0.992
"ripleal01",-0.992
"sambijo01",-0.992
"seedsbo01",-0.992
"seguidi01",-0.992
"settlme01",-0.992
"siebeno01",-0.992
"spansbi01",-0.992
"stokeal01",-0.992
"vazqura01",-0.992
"godwijo01",-1.073
"earlear01",-1.079
"brownmi01",-1.085
"bailege01",-1.091
"birddo01",-1.091
"camermi01",-1.091
"cissebi01",-1.091
"hardyca01",-1.091
"hitchbi01",-1.091
"jarvira01",-1.091
"luceyjo01",-1.091
"mcmilno01",-1.091
"milleel01",-1.091
"mitchjo01",-1.091
"mossle01",-1.091
"o'brito03",-1.091
"pellaed01",-1.091
"rehgwa01",-1.091
"shortch01",-1.091
"sulliha02",-1.091
"tarbear01",-1.091
"billija01",-1.19
"cashke01",-1.19
"clarkto02",-1.19
"maxwech01",-1.19
"moserwa01",-1.19
"oberlfr01",-1.19
"reichdi01",-1.19
"stumpge01",-1.205
"bergmo01",-1.289
"cookaa01",-1.289
"gibsono01",-1.289
"giledo01",-1.289
"hetzeer01",-1.289
"hugheed01",-1.289
"lansimi01",-1.289
"mchalma01",-1.289
"satrito01",-1.289
"watwojo01",-1.289
"borlato01",-1.388
"chakabo01",-1.388
"eshelva01",-1.388
"morgare01",-1.388
"russeri01",-1.388
"smithge04",-1.388
"stigmdi01",-1.388
"wambsbi01",-1.388
"willste01",-1.388
"willide01",-1.402
"sullima02",-1.419
"rominke01",-1.436
"gallaed01",-1.488
"hancoga01",-1.488
"hansecr01",-1.488
"hortoto01",-1.488
"o'doule01",-1.488
"terryya01",-1.488
"frohwto01",-1.587
"hatchbi01",-1.587
"lundgde01",-1.587
"smithmi03",-1.587
"bowmajo01",-1.686
"dawsoan01",-1.686
"leedu01",-1.686
"stonede01",-1.686
"kolstha01",-1.785
"krausle02",-1.785
"anderfr01",-1.864
"almadme01",-1.894
"ryanmi02",-1.949
"bucknbi01",-1.983
"nixonru01",-1.983
"tartajo01",-1.983
"fuhros01",-2.281
"gibsoru01",-2.281
"hoeyja01",-2.281
"newsodi01",-2.281
"cecilre01",-2.38
"waltero01",-2.38
"melilsk01",-2.578
"warstra01",-2.578
"connoed01",-2.678
"ciscoga01",-2.876
"o'neiem01",-2.975
"pittipi01",-3.074
"olsonka01",-3.372
"gutieja01",-3.669
"romered01",-3.768
"jonesda03",-3.967
"stephje01",-4.364
"collish01",-4.661
